{"cameraMode":{"drawMode":0,"name":"Shaded","section":"Shading Mode"},"sceneLighting":true,"audioPlay":false,"sceneViewState":{"m_AlwaysRefresh":false,"showFog":true,"showSkybox":true,"showFlares":true,"showImageEffects":true,"showParticleSystems":true,"showVisualEffectGraphs":true,"m_FxEnabled":true},"in2DMode":false,"pivot":{"x":516.2438354492188,"y":949.5577392578125,"z":-1237.4344482421875},"rotation":{"x":0.016809100285172464,"y":-0.000004375910066301003,"z":4.301189804323258e-8,"w":0.9998595118522644},"size":0.9841856956481934,"orthographic":false}